x,y,rssi
1.04,1.08,-50.8
4.25,1.23,-47.8
7.46,1.38,-49.1
9.77,1.53,-49.6
12.98,1.08,-52.4
15.29,1.23,-54.4
18.5,1.38,-55
1.58,3.98,-47.5
3.89,3.53,-40.8
7.1,3.68,-44.8
10.31,3.83,-43.3
12.62,3.98,-46.4
15.83,3.53,-52.3
18.14,3.68,-52.4
1.22,6.28,-44.1
4.43,6.43,-38.7
6.74,5.98,-42.3
9.95,6.13,-29.7
13.16,6.28,-44
15.47,6.43,-48.6
18.68,5.98,-49.1
1.76,8.58,-39.1
4.07,8.73,-36.9
7.28,8.88,-41.5
9.59,8.43,-34.3
12.8,8.58,-43.9
16.01,8.73,-43.9
18.32,8.88,-42.8
1.4,10.88,-30.9
4.61,11.03,-32.6
6.92,11.18,-38.6
10.13,11.33,-44.5
12.44,10.88,-46.1
15.65,11.03,-38.8
18.86,11.18,-34.4
1.04,13.78,-24.2
4.25,13.33,-28.3
7.46,13.48,-39.1
9.77,13.63,-43.8
12.98,13.78,-44.2
15.29,13.33,-37.5
18.5,13.48,-26.2
